{"name": "test", "health": 74.7032400000001, "gender": ["female"], "hunger": 80.25999999999311, "happiness": 65.37999999995493, "sickness": 0.2780000000000002, "lifetime": 26213, "friends": [{"name": "test", "health": 91.43265999999998, "gender": ["female"], "hunger": 40.080000000000624, "happiness": 1, "sickness": 1.6600000000000013, "lifetime": 2104, "friends": []}], "scores": [0, 0, 0, 25, 0, 6, 0, 0, 22, 0, 0, 19, 0, 0, 0, 0, 0, 0, 33]}