{"name": "test", "health": -0.00041999999981568586, "gender": ["female"], "hunger": 73.85999999997972, "happiness": -132.94000000004033, "sickness": 1.6700000000000013, "lifetime": 55693, "friends": [{"name": "test", "health": 91.43265999999998, "gender": ["female"], "hunger": 40.080000000000624, "happiness": 1, "sickness": 1.6600000000000013, "lifetime": 2104, "friends": []}], "scores": [0, 0, 0, 25, 0, 6, 0, 0, 22, 0, 0, 19, 0, 0, 0, 0, 0, 3, 3, 0]}